{
  "Naive Bayes": {
    "accuracy": 0.8857142857142857,
    "precision": 0.9004629629629629,
    "recall": 0.8787878787878788,
    "f1": 0.8829775588396278,
    "confusion_matrix": [
      [
        13,
        0,
        0
      ],
      [
        3,
        8,
        0
      ],
      [
        0,
        1,
        10
      ]
    ],
    "training_time_sec": 0.00286102294921875,
    "roc": {
      "fpr": [
        0.0,
        0.0,
        0.0,
        0.014285714285714285,
        0.014285714285714285,
        0.02857142857142857,
        0.02857142857142857,
        0.04285714285714286,
        0.04285714285714286,
        0.05714285714285714,
        0.05714285714285714,
        0.08571428571428572,
        0.08571428571428572,
        0.11428571428571428,
        0.11428571428571428,
        0.5571428571428572,
        0.5571428571428572,
        0.5714285714285714,
        0.5714285714285714,
        0.6285714285714286,
        0.6285714285714286,
        1.0
      ],
      "tpr": [
        0.0,
        0.02857142857142857,
        0.17142857142857143,
        0.17142857142857143,
        0.6857142857142857,
        0.6857142857142857,
        0.7714285714285715,
        0.7714285714285715,
        0.8285714285714286,
        0.8285714285714286,
        0.8571428571428571,
        0.8571428571428571,
        0.8857142857142857,
        0.8857142857142857,
        0.9142857142857143,
        0.9142857142857143,
        0.9428571428571428,
        0.9428571428571428,
        0.9714285714285714,
        0.9714285714285714,
        1.0,
        1.0
      ],
      "auc": 0.9302040816326531
    }
  },
  "LinearSVC": {
    "accuracy": 0.8571428571428571,
    "precision": 0.8666666666666667,
    "recall": 0.8531468531468532,
    "f1": 0.8571428571428571,
    "confusion_matrix": [
      [
        12,
        1,
        0
      ],
      [
        3,
        8,
        0
      ],
      [
        0,
        1,
        10
      ]
    ],
    "training_time_sec": 0.005196094512939453,
    "roc": {
      "fpr": [
        0.0,
        0.0,
        0.0,
        0.014285714285714285,
        0.014285714285714285,
        0.08571428571428572,
        0.08571428571428572,
        0.1,
        0.1,
        0.17142857142857143,
        0.17142857142857143,
        0.34285714285714286,
        0.34285714285714286,
        0.37142857142857144,
        0.37142857142857144,
        0.5857142857142857,
        0.5857142857142857,
        1.0
      ],
      "tpr": [
        0.0,
        0.02857142857142857,
        0.42857142857142855,
        0.42857142857142855,
        0.8285714285714286,
        0.8285714285714286,
        0.8571428571428571,
        0.8571428571428571,
        0.8857142857142857,
        0.8857142857142857,
        0.9142857142857143,
        0.9142857142857143,
        0.9428571428571428,
        0.9428571428571428,
        0.9714285714285714,
        0.9714285714285714,
        1.0,
        1.0
      ],
      "auc": 0.946938775510204
    }
  },
  "Logistic Regression": {
    "accuracy": 0.8571428571428571,
    "precision": 0.8666666666666667,
    "recall": 0.8531468531468532,
    "f1": 0.8571428571428571,
    "confusion_matrix": [
      [
        12,
        1,
        0
      ],
      [
        3,
        8,
        0
      ],
      [
        0,
        1,
        10
      ]
    ],
    "training_time_sec": 0.007857084274291992,
    "roc": {
      "fpr": [
        0.0,
        0.0,
        0.0,
        0.014285714285714285,
        0.014285714285714285,
        0.02857142857142857,
        0.02857142857142857,
        0.04285714285714286,
        0.04285714285714286,
        0.08571428571428572,
        0.08571428571428572,
        0.18571428571428572,
        0.18571428571428572,
        0.5,
        0.5,
        0.6428571428571429,
        0.6428571428571429,
        1.0
      ],
      "tpr": [
        0.0,
        0.02857142857142857,
        0.22857142857142856,
        0.22857142857142856,
        0.7142857142857143,
        0.7142857142857143,
        0.7714285714285715,
        0.7714285714285715,
        0.8571428571428571,
        0.8571428571428571,
        0.8857142857142857,
        0.8857142857142857,
        0.9142857142857143,
        0.9142857142857143,
        0.9714285714285714,
        0.9714285714285714,
        1.0,
        1.0
      ],
      "auc": 0.9330612244897959
    }
  },
  "Random Forest": {
    "accuracy": 0.7428571428571429,
    "precision": 0.8190883190883191,
    "recall": 0.7365967365967366,
    "f1": 0.7127026230474506,
    "confusion_matrix": [
      [
        11,
        0,
        2
      ],
      [
        2,
        4,
        5
      ],
      [
        0,
        0,
        11
      ]
    ],
    "training_time_sec": 0.09025096893310547,
    "roc": {
      "fpr": [
        0.0,
        0.0,
        0.0,
        0.014285714285714285,
        0.014285714285714285,
        0.014285714285714285,
        0.02857142857142857,
        0.02857142857142857,
        0.04285714285714286,
        0.04285714285714286,
        0.05714285714285714,
        0.1,
        0.11428571428571428,
        0.14285714285714285,
        0.14285714285714285,
        0.15714285714285714,
        0.15714285714285714,
        0.15714285714285714,
        0.2,
        0.21428571428571427,
        0.21428571428571427,
        0.22857142857142856,
        0.2857142857142857,
        0.34285714285714286,
        0.4,
        0.45714285714285713,
        0.5,
        0.5428571428571428,
        0.5714285714285714,
        0.6571428571428571,
        0.6857142857142857,
        0.7285714285714285,
        0.7428571428571429,
        0.7714285714285715,
        0.7857142857142857,
        0.8285714285714286,
        0.8571428571428571,
        0.9,
        0.9857142857142858,
        1.0
      ],
      "tpr": [
        0.0,
        0.02857142857142857,
        0.08571428571428572,
        0.17142857142857143,
        0.3142857142857143,
        0.42857142857142855,
        0.42857142857142855,
        0.5142857142857142,
        0.5142857142857142,
        0.5714285714285714,
        0.6285714285714286,
        0.6285714285714286,
        0.6571428571428571,
        0.6571428571428571,
        0.6857142857142857,
        0.6857142857142857,
        0.7428571428571429,
        0.7714285714285715,
        0.7714285714285715,
        0.7714285714285715,
        0.8285714285714286,
        0.8571428571428571,
        0.8571428571428571,
        0.8571428571428571,
        0.8857142857142857,
        0.8857142857142857,
        0.8857142857142857,
        0.9142857142857143,
        0.9714285714285714,
        0.9714285714285714,
        0.9714285714285714,
        0.9714285714285714,
        0.9714285714285714,
        0.9714285714285714,
        0.9714285714285714,
        0.9714285714285714,
        0.9714285714285714,
        1.0,
        1.0,
        1.0
      ],
      "auc": 0.8663265306122448
    }
  }
}